{
	"credit": "Made with Blockbench",
	"textures": {
		"1": "block/acacia_door_top",
		"particle": "block/acacia_door_top"
	},
	"elements": [
		{
			"name": "Element",
			"from": [0, 0, 0],
			"to": [3, 16, 16],
			"faces": {
				"north": {"uv": [15.25, 0, 15.75, 16], "texture": "#1", "cullface": "north"},
				"east": {"uv": [0, 0, 16, 16], "texture": "#1"},
				"south": {"uv": [0, 0, 0.5, 16], "texture": "#1", "cullface": "south"},
				"west": {"uv": [16, 0, 0, 16], "texture": "#1", "cullface": "west"},
				"up": {"uv": [0, 0.25, 16, 0.75], "rotation": 270, "texture": "#1", "cullface": "up"}
			}
		},
		{
			"name": "Element",
			"from": [3, 13, 13],
			"to": [0, 1, 11],
			"faces": {
				"north": {"uv": [13.75, 15, 13.25, 3], "texture": "#1"},
				"south": {"uv": [10.75, 3, 10.25, 15], "texture": "#1"},
				"up": {"uv": [7, 15.25, 9, 15.75], "rotation": 90, "texture": "#1"},
				"down": {"uv": [11, 2.25, 13, 2.75], "rotation": 270, "texture": "#1"}
			}
		},
		{
			"name": "Element",
			"from": [3, 13, 9],
			"to": [0, 1, 7],
			"faces": {
				"north": {"uv": [9.75, 15, 9.25, 3], "texture": "#1"},
				"south": {"uv": [6.75, 3, 6.25, 15], "texture": "#1"},
				"up": {"uv": [7, 15.25, 9, 15.75], "rotation": 90, "texture": "#1"},
				"down": {"uv": [7, 2.25, 9, 2.75], "rotation": 270, "texture": "#1"}
			}
		},
		{
			"name": "Element",
			"from": [3, 13, 5],
			"to": [0, 1, 3],
			"faces": {
				"north": {"uv": [13.75, 15, 13.25, 3], "texture": "#1"},
				"south": {"uv": [10.75, 3, 10.25, 15], "texture": "#1"},
				"up": {"uv": [7, 15.25, 9, 15.75], "rotation": 90, "texture": "#1"},
				"down": {"uv": [11, 2.25, 13, 2.75], "rotation": 270, "texture": "#1"}
			}
		}
	]
}