{
	"credit": "Made with Blockbench",
	"textures": {
		"0": "block/dark_oak_door_bottom",
		"particle": "block/dark_oak_door_bottom"
	},
	"elements": [
		{
			"name": "Element",
			"from": [0, 0, 0],
			"to": [3, 16, 16],
			"faces": {
				"north": {"uv": [15.25, 0, 15.75, 16], "texture": "#0", "cullface": "north"},
				"east": {"uv": [0, 0, 16, 16], "texture": "#0"},
				"south": {"uv": [0, 0, 0.5, 16], "texture": "#0", "cullface": "south"},
				"west": {"uv": [16, 0, 0, 16], "texture": "#0", "cullface": "west"},
				"down": {"uv": [0, 15.25, 16, 15.75], "texture": "#0", "cullface": "down"}
			}
		}
	]
}