{
	"credit": "Made with Blockbench",
	"ambientocclusion": false,
	"texture_size": [2048, 2048],
	"textures": {
		"particle": "block/pink_petals_2",
		"flowerbed": "block/pink_petals_2",
		"stem": "block/pink_petals_stem"
	},
	"elements": [
		{
			"from": [8, 2, 0],
			"to": [16, 2, 8],
			"faces": {
				"up": {"uv": [4.5, 4.5, 12.5, 12.5], "texture": "#flowerbed"},
				"down": {"uv": [4.5, 12.5, 12.5, 4.5], "texture": "#flowerbed"}
			}
		},
		{
			"from": [12.4, 0, -7.7],
			"to": [12.4, 2, -6.7],
			"rotation": {"angle": -45, "axis": "y", "origin": [-1, 0, -3]},
			"faces": {
				"east": {"uv": [7.5, 6, 8.5, 8], "texture": "#stem", "tintindex": 1},
				"west": {"uv": [7.5, 6, 8.5, 8], "texture": "#stem", "tintindex": 1}
			}
		},
		{
			"from": [11.9, 0, -7.2],
			"to": [12.9, 2, -7.2],
			"rotation": {"angle": -45, "axis": "y", "origin": [-1, 0, -3]},
			"faces": {
				"north": {"uv": [7.5, 6, 8.5, 8], "texture": "#stem", "tintindex": 1},
				"south": {"uv": [7.5, 6, 8.5, 8], "texture": "#stem", "tintindex": 1}
			}
		}
	]
}