{
	"credit": "Made with Blockbench",
	"ambientocclusion": false,
	"texture_size": [2048, 2048],
	"textures": {
		"particle": "block/pink_petals_2",
		"flowerbed": "block/pink_petals_2",
		"stem": "block/pink_petals_stem"
	},
	"elements": [
		{
			"from": [0, 1, 8],
			"to": [8, 1, 16],
			"faces": {
				"up": {"uv": [3.5, 4.5, 11.5, 12.5], "texture": "#flowerbed"},
				"down": {"uv": [3.5, 12.5, 11.5, 4.5], "texture": "#flowerbed"}
			}
		},
		{
			"from": [10.15, 0, 5.25],
			"to": [11.15, 1, 5.25],
			"rotation": {"angle": -45, "axis": "y", "origin": [0, 0, 1]},
			"faces": {
				"north": {"uv": [7.5, 6, 8.5, 7], "texture": "#stem", "tintindex": 1},
				"south": {"uv": [7.5, 6, 8.5, 7], "texture": "#stem", "tintindex": 1}
			}
		},
		{
			"from": [10.65, 0, 4.75],
			"to": [10.65, 1, 5.75],
			"rotation": {"angle": -45, "axis": "y", "origin": [0, 0, 1]},
			"faces": {
				"east": {"uv": [7.5, 6, 8.5, 7], "texture": "#stem", "tintindex": 1},
				"west": {"uv": [7.5, 6, 8.5, 7], "texture": "#stem", "tintindex": 1}
			}
		}
	]
}