{
	"credit": "Made with Blockbench",
	"textures": {
		"0": "block/iron_trapdoor",
		"particle": "block/iron_trapdoor"
	},
	"elements": [
		{
			"name": "Element",
			"from": [0, 0, 13],
			"to": [16, 16, 16],
			"faces": {
				"north": {"uv": [0, 0, 16, 16], "rotation": 180, "texture": "#0"},
				"east": {"uv": [0.75, 0, 0.25, 16], "texture": "#0", "cullface": "east"},
				"south": {"uv": [0, 0, 16, 16], "rotation": 180, "texture": "#0", "cullface": "south"},
				"west": {"uv": [15.75, 0, 15.25, 16], "texture": "#0", "cullface": "west"},
				"up": {"uv": [0, 15.75, 16, 15.25], "texture": "#0", "cullface": "up"},
				"down": {"uv": [0, 0.75, 16, 0.25], "texture": "#0", "cullface": "down"}
			}
		},
		{
			"name": "Element",
			"from": [13, 13, 16],
			"to": [10, 10, 13],
			"faces": {
				"east": {"uv": [6.75, 10, 6.25, 13], "texture": "#0"},
				"west": {"uv": [2.75, 10, 2.25, 13], "texture": "#0"},
				"up": {"uv": [3, 9.75, 6, 9.25], "texture": "#0"},
				"down": {"uv": [3, 13.75, 6, 13.25], "texture": "#0"}
			}
		},
		{
			"name": "Element",
			"from": [6, 13, 16],
			"to": [3, 10, 13],
			"faces": {
				"east": {"uv": [13.75, 10, 13.25, 13], "texture": "#0"},
				"west": {"uv": [9.75, 10, 9.25, 13], "texture": "#0"},
				"up": {"uv": [10, 9.75, 13, 9.25], "texture": "#0"},
				"down": {"uv": [10, 13.75, 13, 13.25], "texture": "#0"}
			}
		},
		{
			"name": "Element",
			"from": [6, 6, 16],
			"to": [3, 3, 13],
			"faces": {
				"east": {"uv": [6.75, 3, 6.25, 6], "texture": "#0"},
				"west": {"uv": [2.75, 3, 2.25, 6], "texture": "#0"},
				"up": {"uv": [3, 2.75, 6, 2.25], "texture": "#0"},
				"down": {"uv": [3, 6.75, 6, 6.25], "texture": "#0"}
			}
		},
		{
			"name": "Element",
			"from": [13, 6, 16],
			"to": [10, 3, 13],
			"faces": {
				"east": {"uv": [13.75, 3, 13.25, 6], "texture": "#0"},
				"west": {"uv": [9.75, 3, 9.25, 6], "texture": "#0"},
				"up": {"uv": [10, 2.75, 13, 2.25], "texture": "#0"},
				"down": {"uv": [10, 6.75, 13, 6.25], "texture": "#0"}
			}
		}
	]
}