{
	"credit": "Made with Blockbench",
	"textures": {
		"1": "block/jungle_door_top",
		"particle": "block/jungle_door_top"
	},
	"elements": [
		{
			"name": "Element",
			"from": [0, 0, 0],
			"to": [3, 16, 16],
			"faces": {
				"north": {"uv": [15.25, 0, 15.75, 16], "texture": "#1", "cullface": "north"},
				"east": {"uv": [0, 0, 16, 16], "texture": "#1"},
				"south": {"uv": [0, 0, 0.5, 16], "texture": "#1", "cullface": "south"},
				"west": {"uv": [16, 0, 0, 16], "texture": "#1", "cullface": "west"},
				"up": {"uv": [0, 0.25, 16, 0.75], "texture": "#1", "cullface": "up"}
			}
		},
		{
			"name": "Element",
			"from": [3, 13, 12],
			"to": [0, 8, 4],
			"faces": {
				"north": {"uv": [12.75, 3.75, 12.25, 3], "texture": "#1"},
				"south": {"uv": [3.75, 3.75, 3.25, 3.25], "texture": "#1"},
				"up": {"uv": [6.25, 8.25, 6.75, 8.75], "rotation": 270, "texture": "#1"},
				"down": {"uv": [3.25, 2.25, 3.75, 2.75], "rotation": 90, "texture": "#1"}
			}
		},
		{
			"name": "Element",
			"from": [3, 6, 10],
			"to": [0, 4, 6],
			"faces": {
				"north": {"uv": [10.75, 12, 10.25, 10], "texture": "#1"},
				"south": {"uv": [5.75, 12, 5.25, 10], "texture": "#1"},
				"up": {"uv": [6.25, 12.25, 6.75, 12.75], "rotation": 270, "texture": "#1"},
				"down": {"uv": [6, 9.25, 10, 9.75], "rotation": 90, "texture": "#1"}
			}
		}
	]
}