{
	"credit": "Made with Blockbench",
	"ambientocclusion": false,
	"texture_size": [2048, 2048],
	"textures": {
		"0": "block/oak_planks",
		"particle": "block/ladder"
	},
	"elements": [
		{
			"name": "Box2",
			"from": [2, 0, 15],
			"to": [4, 16, 16],
			"faces": {
				"north": {"uv": [12, 0, 14, 16], "texture": "#0"},
				"east": {"uv": [11, 0, 12, 16], "texture": "#0"},
				"south": {"uv": [14, 0, 12, 16], "texture": "#0"},
				"west": {"uv": [14, 0, 15, 16], "texture": "#0"},
				"up": {"uv": [12, 0, 14, 1], "texture": "#0"},
				"down": {"uv": [12, 15, 14, 16], "texture": "#0"}
			}
		},
		{
			"name": "Box2",
			"from": [12, 0, 15],
			"to": [14, 16, 16],
			"faces": {
				"north": {"uv": [2, 0, 4, 16], "texture": "#0"},
				"east": {"uv": [1, 0, 2, 16], "texture": "#0"},
				"south": {"uv": [4, 0, 2, 16], "texture": "#0"},
				"west": {"uv": [4, 0, 5, 16], "texture": "#0"},
				"up": {"uv": [2, 0, 4, 1], "texture": "#0"},
				"down": {"uv": [2, 15, 4, 16], "texture": "#0"}
			}
		},
		{
			"name": "Box2",
			"from": [1, 13, 14.5],
			"to": [15, 15, 15],
			"faces": {
				"north": {"uv": [1, 1, 15, 3], "texture": "#0"},
				"east": {"uv": [1, 1, 1.5, 3], "texture": "#0"},
				"south": {"uv": [15, 1, 1, 3], "texture": "#0"},
				"west": {"uv": [14.5, 1, 15, 3], "texture": "#0"},
				"up": {"uv": [15, 0.5, 1, 1], "texture": "#0"},
				"down": {"uv": [1, 3, 15, 3.5], "texture": "#0"}
			}
		},
		{
			"name": "Box2",
			"from": [1, 9, 14.5],
			"to": [15, 11, 15],
			"faces": {
				"north": {"uv": [1, 5, 15, 7], "texture": "#0"},
				"east": {"uv": [1, 5, 1.5, 7], "texture": "#0"},
				"south": {"uv": [15, 5, 1, 7], "texture": "#0"},
				"west": {"uv": [14.5, 5, 15, 7], "texture": "#0"},
				"up": {"uv": [15, 4.5, 1, 5], "texture": "#0"},
				"down": {"uv": [1, 7, 15, 7.5], "texture": "#0"}
			}
		},
		{
			"name": "Box2",
			"from": [1, 5, 14.5],
			"to": [15, 7, 15],
			"faces": {
				"north": {"uv": [1, 9, 15, 11], "texture": "#0"},
				"east": {"uv": [1, 9, 1.5, 11], "texture": "#0"},
				"south": {"uv": [15, 9, 1, 11], "texture": "#0"},
				"west": {"uv": [14.5, 9, 15, 11], "texture": "#0"},
				"up": {"uv": [15, 8.5, 1, 9], "texture": "#0"},
				"down": {"uv": [1, 11, 15, 11.5], "texture": "#0"}
			}
		},
		{
			"name": "Box2",
			"from": [1, 1, 14.5],
			"to": [15, 3, 15],
			"faces": {
				"north": {"uv": [1, 13, 15, 15], "texture": "#0"},
				"east": {"uv": [1, 13, 1.5, 15], "texture": "#0"},
				"south": {"uv": [15, 13, 1, 15], "texture": "#0"},
				"west": {"uv": [14.5, 13, 15, 15], "texture": "#0"},
				"up": {"uv": [15, 12.5, 1, 13], "texture": "#0"},
				"down": {"uv": [1, 15, 15, 15.5], "texture": "#0"}
			}
		}
	]
}